Title,Price,Rating,Colors,Size,Gender,timestamp
T-shirt 2,1634400,3.9,3,M,Women,2025-04-26 12:26:34.130447
Hoodie 3,7950080,4.8,3,L,Unisex,2025-04-26 12:26:34.130447
Pants 4,7476960,3.3,3,XL,Men,2025-04-26 12:26:34.130447
Outerwear 5,5145440,3.5,3,XXL,Women,2025-04-26 12:26:34.130447
Jacket 6,2453920,3.3,3,S,Unisex,2025-04-26 12:26:34.130447
Crewneck 7,6892000,4.3,3,M,Men,2025-04-26 12:26:34.130447
T-shirt 8,7802560,3.1,3,L,Women,2025-04-26 12:26:34.130447
Hoodie 9,3972160,3.2,3,XL,Unisex,2025-04-26 12:26:34.130447
Pants 10,3100160,4.2,3,XXL,Men,2025-04-26 12:26:34.130447
Jacket 12,8527840,3.9,3,M,Unisex,2025-04-26 12:26:34.130447
Crewneck 13,5447200,3.2,3,L,Men,2025-04-26 12:26:34.130447
T-shirt 14,3248800,3.8,3,XL,Women,2025-04-26 12:26:34.130447
Hoodie 15,2184160,3.6,3,XXL,Unisex,2025-04-26 12:26:34.130447
Outerwear 17,841600,3.8,3,M,Women,2025-04-26 12:26:34.140822
Jacket 18,5500000,3.8,3,L,Unisex,2025-04-26 12:26:34.140822
Crewneck 19,1308960,3.6,3,XL,Men,2025-04-26 12:26:34.142009
T-shirt 20,1325600,3.4,3,XXL,Women,2025-04-26 12:26:34.142009
Pants 22,4319680,4.9,3,M,Men,2025-04-26 12:26:34.395662
Outerwear 23,4655840,3.7,3,L,Women,2025-04-26 12:26:34.395662
Jacket 24,8223520,3.9,3,XL,Unisex,2025-04-26 12:26:34.395662
Crewneck 25,8322559,3.3,3,XXL,Men,2025-04-26 12:26:34.397667
T-shirt 26,7292320,4.6,3,S,Women,2025-04-26 12:26:34.397667
Hoodie 27,3551840,4.8,3,M,Unisex,2025-04-26 12:26:34.397667
Pants 28,5216160,4.0,3,L,Men,2025-04-26 12:26:34.397667
Outerwear 29,861600,3.1,3,XL,Women,2025-04-26 12:26:34.397667
Jacket 30,8610240,3.7,3,XXL,Unisex,2025-04-26 12:26:34.399670
T-shirt 32,6657920,3.4,3,M,Women,2025-04-26 12:26:34.400674
Hoodie 33,7248160,3.5,3,L,Unisex,2025-04-26 12:26:34.400674
Pants 34,8362719,3.8,3,XL,Men,2025-04-26 12:26:34.400674
Outerwear 35,1356160,3.8,3,XXL,Women,2025-04-26 12:26:34.400674
Jacket 36,7249280,3.7,3,S,Unisex,2025-04-26 12:26:34.402800
Crewneck 37,6006080,4.0,3,M,Men,2025-04-26 12:26:34.402800
T-shirt 38,4866080,3.2,3,L,Women,2025-04-26 12:26:34.402800
Hoodie 39,6431200,4.6,3,XL,Unisex,2025-04-26 12:26:34.402800
Pants 40,5853600,3.1,3,XXL,Men,2025-04-26 12:26:34.402800
Jacket 42,6744160,3.7,3,M,Unisex,2025-04-26 12:26:34.649558
Crewneck 43,2909600,4.5,3,L,Men,2025-04-26 12:26:34.649558
T-shirt 44,3312320,3.0,3,XL,Women,2025-04-26 12:26:34.650562
Hoodie 45,8693120,4.5,3,XXL,Unisex,2025-04-26 12:26:34.650562
Outerwear 47,6364640,3.2,3,M,Women,2025-04-26 12:26:34.650562
Jacket 48,4994720,3.4,3,L,Unisex,2025-04-26 12:26:34.650562
Crewneck 49,1071200,4.0,3,XL,Men,2025-04-26 12:26:34.650562
T-shirt 50,5932960,3.1,3,XXL,Women,2025-04-26 12:26:34.650562
Pants 52,1596480,4.0,3,M,Men,2025-04-26 12:26:34.650562
Outerwear 53,4470880,4.3,3,L,Women,2025-04-26 12:26:34.650562
Jacket 54,854560,4.2,3,XL,Unisex,2025-04-26 12:26:34.655775
Crewneck 55,1793760,3.6,3,XXL,Men,2025-04-26 12:26:34.655775
T-shirt 56,4643040,3.8,3,S,Women,2025-04-26 12:26:34.655775
Hoodie 57,3155360,4.9,3,M,Unisex,2025-04-26 12:26:34.655775
Pants 58,1637760,4.4,3,L,Men,2025-04-26 12:26:34.655775
Outerwear 59,2254240,4.6,3,XL,Women,2025-04-26 12:26:34.655775
Jacket 60,3375520,4.2,3,XXL,Unisex,2025-04-26 12:26:34.655775
T-shirt 62,1376480,3.8,3,M,Women,2025-04-26 12:26:34.852926
Hoodie 63,6479200,3.6,3,L,Unisex,2025-04-26 12:26:34.852926
Pants 64,7728480,4.0,3,XL,Men,2025-04-26 12:26:34.854932
Outerwear 65,2385920,4.1,3,XXL,Women,2025-04-26 12:26:34.854932
Jacket 66,4353120,3.5,3,S,Unisex,2025-04-26 12:26:34.854932
Crewneck 67,8470720,3.5,3,M,Men,2025-04-26 12:26:34.854932
T-shirt 68,8025280,4.0,3,L,Women,2025-04-26 12:26:34.856937
Hoodie 69,1027839,3.6,3,XL,Unisex,2025-04-26 12:26:34.856937
Pants 70,1171360,4.4,3,XXL,Men,2025-04-26 12:26:34.856937
Jacket 72,3776000,4.4,3,M,Unisex,2025-04-26 12:26:34.858941
Crewneck 73,2460320,3.0,3,L,Men,2025-04-26 12:26:34.858941
T-shirt 74,7704800,3.8,3,XL,Women,2025-04-26 12:26:34.858941
Hoodie 75,2101760,4.3,3,XXL,Unisex,2025-04-26 12:26:34.858941
Outerwear 77,861760,3.7,3,M,Women,2025-04-26 12:26:34.860445
Jacket 78,2716480,4.3,3,L,Unisex,2025-04-26 12:26:34.860445
Crewneck 79,3309600,4.6,3,XL,Men,2025-04-26 12:26:34.860445
T-shirt 80,4178399,4.5,3,XXL,Women,2025-04-26 12:26:34.862532
Pants 82,8315520,4.8,3,M,Men,2025-04-26 12:26:35.060450
Outerwear 83,3947840,3.7,3,L,Women,2025-04-26 12:26:35.062597
Jacket 84,2826080,4.8,3,XL,Unisex,2025-04-26 12:26:35.062597
Crewneck 85,4564160,3.5,3,XXL,Men,2025-04-26 12:26:35.062597
T-shirt 86,1670880,3.9,3,S,Women,2025-04-26 12:26:35.062597
Hoodie 87,7870240,4.3,3,M,Unisex,2025-04-26 12:26:35.064343
Pants 88,7590400,3.1,3,L,Men,2025-04-26 12:26:35.064343
Outerwear 89,4856320,3.0,3,XL,Women,2025-04-26 12:26:35.064343
Jacket 90,7160000,4.0,3,XXL,Unisex,2025-04-26 12:26:35.064343
T-shirt 92,5012320,3.5,3,M,Women,2025-04-26 12:26:35.066347
Hoodie 93,1365280,3.6,3,L,Unisex,2025-04-26 12:26:35.066347
Pants 94,1074880,4.3,3,XL,Men,2025-04-26 12:26:35.066347
Outerwear 95,6062240,3.5,3,XXL,Women,2025-04-26 12:26:35.068352
Jacket 96,4598240,4.9,3,S,Unisex,2025-04-26 12:26:35.068352
Crewneck 97,6113120,3.9,3,M,Men,2025-04-26 12:26:35.068352
T-shirt 98,8596960,3.1,3,L,Women,2025-04-26 12:26:35.068352
Hoodie 99,5028000,3.6,3,XL,Unisex,2025-04-26 12:26:35.068352
Pants 100,2217280,4.6,3,XXL,Men,2025-04-26 12:26:35.068352
Jacket 102,3840640,3.3,3,M,Unisex,2025-04-26 12:26:36.393832
Crewneck 103,2331680,3.5,3,L,Men,2025-04-26 12:26:36.393832
T-shirt 104,2374400,3.8,3,XL,Women,2025-04-26 12:26:36.393832
Hoodie 105,5019840,4.2,3,XXL,Unisex,2025-04-26 12:26:36.393832
Outerwear 107,6625120,4.0,3,M,Women,2025-04-26 12:26:36.399185
Jacket 108,5551680,4.8,3,L,Unisex,2025-04-26 12:26:36.399185
Crewneck 109,5886880,3.3,3,XL,Men,2025-04-26 12:26:36.399185
T-shirt 110,7197120,4.6,3,XXL,Women,2025-04-26 12:26:36.400789
Pants 112,4261920,3.3,3,M,Men,2025-04-26 12:26:36.400789
Outerwear 113,4472000,3.7,3,L,Women,2025-04-26 12:26:36.400789
Jacket 114,5386560,4.9,3,XL,Unisex,2025-04-26 12:26:36.400789
Crewneck 115,1933280,4.5,3,XXL,Men,2025-04-26 12:26:36.400789
T-shirt 116,3474560,3.0,3,S,Women,2025-04-26 12:26:36.400789
Hoodie 117,3376320,5.0,3,M,Unisex,2025-04-26 12:26:36.400789
Pants 118,5585440,3.2,3,L,Men,2025-04-26 12:26:36.400789
Outerwear 119,3561760,3.4,3,XL,Women,2025-04-26 12:26:36.400789
Jacket 120,7480320,4.0,3,XXL,Unisex,2025-04-26 12:26:36.400789
T-shirt 122,1961920,3.6,3,M,Women,2025-04-26 12:26:36.621036
Hoodie 123,4498080,3.8,3,L,Unisex,2025-04-26 12:26:36.621036
Pants 124,7023520,3.2,3,XL,Men,2025-04-26 12:26:36.621036
Outerwear 125,6998240,4.2,3,XXL,Women,2025-04-26 12:26:36.621036
Jacket 126,4426080,3.9,3,S,Unisex,2025-04-26 12:26:36.621036
Crewneck 127,8311680,4.0,3,M,Men,2025-04-26 12:26:36.621036
T-shirt 128,4466720,3.8,3,L,Women,2025-04-26 12:26:36.621036
Hoodie 129,2532480,4.5,3,XL,Unisex,2025-04-26 12:26:36.621036
Pants 130,6603520,4.8,3,XXL,Men,2025-04-26 12:26:36.621036
Jacket 132,6474880,4.2,3,M,Unisex,2025-04-26 12:26:36.621036
Crewneck 133,2016320,4.7,3,L,Men,2025-04-26 12:26:36.621036
T-shirt 134,5937440,3.2,3,XL,Women,2025-04-26 12:26:36.621036
Hoodie 135,5141440,4.7,3,XXL,Unisex,2025-04-26 12:26:36.621036
Outerwear 137,6988320,4.5,3,M,Women,2025-04-26 12:26:36.621036
Jacket 138,4635520,3.4,3,L,Unisex,2025-04-26 12:26:36.630553
Crewneck 139,8053120,4.5,3,XL,Men,2025-04-26 12:26:36.630553
T-shirt 140,6811040,3.5,3,XXL,Women,2025-04-26 12:26:36.630553
Pants 142,2325280,4.9,3,M,Men,2025-04-26 12:26:36.824919
Outerwear 143,3346560,4.9,3,L,Women,2025-04-26 12:26:36.825917
Jacket 144,5758240,4.3,3,XL,Unisex,2025-04-26 12:26:36.825917
Crewneck 145,3472800,4.8,3,XXL,Men,2025-04-26 12:26:36.826921
T-shirt 146,7688640,4.3,3,S,Women,2025-04-26 12:26:36.826921
Hoodie 147,3052800,5.0,3,M,Unisex,2025-04-26 12:26:36.826921
Pants 148,6033440,4.7,3,L,Men,2025-04-26 12:26:36.827916
Outerwear 149,3105920,3.2,3,XL,Women,2025-04-26 12:26:36.827916
Jacket 150,1500640,3.6,3,XXL,Unisex,2025-04-26 12:26:36.827916
T-shirt 152,6288640,4.2,3,M,Women,2025-04-26 12:26:36.828919
Hoodie 153,2660640,4.3,3,L,Unisex,2025-04-26 12:26:36.828919
Pants 154,2337440,3.0,3,XL,Men,2025-04-26 12:26:36.828919
Outerwear 155,3783200,4.1,3,XXL,Women,2025-04-26 12:26:36.828919
Jacket 156,6645120,3.6,3,S,Unisex,2025-04-26 12:26:36.828919
Crewneck 157,1105760,4.0,3,M,Men,2025-04-26 12:26:36.830521
T-shirt 158,7321120,4.0,3,L,Women,2025-04-26 12:26:36.830521
Hoodie 159,2371680,4.9,3,XL,Unisex,2025-04-26 12:26:36.830521
Pants 160,2802880,3.4,3,XXL,Men,2025-04-26 12:26:36.830521
Jacket 162,1543840,4.5,3,M,Unisex,2025-04-26 12:26:38.404276
Crewneck 163,7861920,4.4,3,L,Men,2025-04-26 12:26:38.405285
T-shirt 164,3512000,3.9,3,XL,Women,2025-04-26 12:26:38.405979
Hoodie 165,6921280,4.9,3,XXL,Unisex,2025-04-26 12:26:38.405979
Outerwear 167,3273760,3.1,3,M,Women,2025-04-26 12:26:38.407335
Jacket 168,870400,4.4,3,L,Unisex,2025-04-26 12:26:38.407335
Crewneck 169,8032800,4.7,3,XL,Men,2025-04-26 12:26:38.408349
T-shirt 170,6677920,4.5,3,XXL,Women,2025-04-26 12:26:38.408349
Pants 172,1566080,4.9,3,M,Men,2025-04-26 12:26:38.409330
Outerwear 173,7034560,4.6,3,L,Women,2025-04-26 12:26:38.409330
Jacket 174,6282240,3.3,3,XL,Unisex,2025-04-26 12:26:38.409330
Crewneck 175,8125120,4.5,3,XXL,Men,2025-04-26 12:26:38.410934
T-shirt 176,6104320,3.6,3,S,Women,2025-04-26 12:26:38.410934
Hoodie 177,1890400,4.6,3,M,Unisex,2025-04-26 12:26:38.410934
Pants 178,6184160,3.0,3,L,Men,2025-04-26 12:26:38.411941
Outerwear 179,5816640,3.5,3,XL,Women,2025-04-26 12:26:38.411941
Jacket 180,5552640,3.9,3,XXL,Unisex,2025-04-26 12:26:38.412940
T-shirt 182,2334880,3.8,3,M,Women,2025-04-26 12:26:40.026307
Hoodie 183,3904640,3.6,3,L,Unisex,2025-04-26 12:26:40.027303
Pants 184,7759520,4.5,3,XL,Men,2025-04-26 12:26:40.028315
Outerwear 185,7822880,3.2,3,XXL,Women,2025-04-26 12:26:40.028315
Jacket 186,6940480,4.2,3,S,Unisex,2025-04-26 12:26:40.029311
Crewneck 187,6663520,3.8,3,M,Men,2025-04-26 12:26:40.029311
T-shirt 188,3927840,4.4,3,L,Women,2025-04-26 12:26:40.029311
Hoodie 189,1946720,4.0,3,XL,Unisex,2025-04-26 12:26:40.029311
Pants 190,2220960,4.5,3,XXL,Men,2025-04-26 12:26:40.030901
Jacket 192,5066240,3.8,3,M,Unisex,2025-04-26 12:26:40.031998
Crewneck 193,7355680,4.1,3,L,Men,2025-04-26 12:26:40.031998
T-shirt 194,2818720,4.9,3,XL,Women,2025-04-26 12:26:40.033003
Hoodie 195,7208960,4.9,3,XXL,Unisex,2025-04-26 12:26:40.033003
Outerwear 197,5681600,4.9,3,M,Women,2025-04-26 12:26:40.033989
Jacket 198,5435040,4.5,3,L,Unisex,2025-04-26 12:26:40.035000
Crewneck 199,6744320,3.1,3,XL,Men,2025-04-26 12:26:40.035000
T-shirt 200,6289920,3.5,3,XXL,Women,2025-04-26 12:26:40.035999
Pants 202,5592480,3.3,3,M,Men,2025-04-26 12:26:40.420737
Outerwear 203,2144000,3.4,3,L,Women,2025-04-26 12:26:40.420737
Jacket 204,6031040,3.9,3,XL,Unisex,2025-04-26 12:26:40.420737
Crewneck 205,6434880,3.2,3,XXL,Men,2025-04-26 12:26:40.420737
T-shirt 206,4674720,4.5,3,S,Women,2025-04-26 12:26:40.420737
Hoodie 207,6101440,3.5,3,M,Unisex,2025-04-26 12:26:40.420737
Pants 208,4637600,3.1,3,L,Men,2025-04-26 12:26:40.420737
Outerwear 209,7980640,4.3,3,XL,Women,2025-04-26 12:26:40.420737
Jacket 210,7827360,4.7,3,XXL,Unisex,2025-04-26 12:26:40.420737
T-shirt 212,8794880,4.7,3,M,Women,2025-04-26 12:26:40.420737
Hoodie 213,5748000,3.6,3,L,Unisex,2025-04-26 12:26:40.420737
Pants 214,4315680,4.9,3,XL,Men,2025-04-26 12:26:40.425592
Outerwear 215,1449600,3.8,3,XXL,Women,2025-04-26 12:26:40.425592
Jacket 216,4576480,4.6,3,S,Unisex,2025-04-26 12:26:40.425592
Crewneck 217,5772960,4.8,3,M,Men,2025-04-26 12:26:40.425592
T-shirt 218,5600320,3.1,3,L,Women,2025-04-26 12:26:40.425592
Hoodie 219,5671040,4.6,3,XL,Unisex,2025-04-26 12:26:40.425592
Pants 220,3357600,3.2,3,XXL,Men,2025-04-26 12:26:40.425592
Jacket 222,7438080,3.4,3,M,Unisex,2025-04-26 12:26:40.600597
Crewneck 223,952960,4.8,3,L,Men,2025-04-26 12:26:40.600597
T-shirt 224,3534560,4.5,3,XL,Women,2025-04-26 12:26:40.603169
Hoodie 225,5232800,3.5,3,XXL,Unisex,2025-04-26 12:26:40.603169
Outerwear 227,6742560,4.8,3,M,Women,2025-04-26 12:26:40.603169
Jacket 228,8076800,4.5,3,L,Unisex,2025-04-26 12:26:40.605176
Crewneck 229,3101920,4.9,3,XL,Men,2025-04-26 12:26:40.605176
T-shirt 230,7133280,4.5,3,XXL,Women,2025-04-26 12:26:40.605176
Pants 232,8327360,4.0,3,M,Men,2025-04-26 12:26:40.607181
Outerwear 233,847360,4.8,3,L,Women,2025-04-26 12:26:40.607181
Jacket 234,1159200,4.5,3,XL,Unisex,2025-04-26 12:26:40.607181
Crewneck 235,6560320,3.4,3,XXL,Men,2025-04-26 12:26:40.607181
T-shirt 236,5492320,3.9,3,S,Women,2025-04-26 12:26:40.607181
Hoodie 237,4743520,3.1,3,M,Unisex,2025-04-26 12:26:40.609185
Pants 238,8301920,3.8,3,L,Men,2025-04-26 12:26:40.609185
Outerwear 239,7934080,3.1,3,XL,Women,2025-04-26 12:26:40.609185
Jacket 240,7600000,3.8,3,XXL,Unisex,2025-04-26 12:26:40.610689
T-shirt 242,4833600,3.4,3,M,Women,2025-04-26 12:26:41.035546
Hoodie 243,3371680,3.1,3,L,Unisex,2025-04-26 12:26:41.035546
Pants 244,8116160,3.1,3,XL,Men,2025-04-26 12:26:41.040655
Outerwear 245,1451680,4.0,3,XXL,Women,2025-04-26 12:26:41.040655
Jacket 246,8735040,3.1,3,S,Unisex,2025-04-26 12:26:41.040655
Crewneck 247,8769120,3.0,3,M,Men,2025-04-26 12:26:41.040655
T-shirt 248,2280000,4.5,3,L,Women,2025-04-26 12:26:41.040655
Hoodie 249,2149440,4.2,3,XL,Unisex,2025-04-26 12:26:41.043583
Pants 250,4314240,3.1,3,XXL,Men,2025-04-26 12:26:41.044340
Jacket 252,8408480,3.2,3,M,Unisex,2025-04-26 12:26:41.045349
Crewneck 253,1854720,3.9,3,L,Men,2025-04-26 12:26:41.045349
T-shirt 254,5984160,3.9,3,XL,Women,2025-04-26 12:26:41.046347
Hoodie 255,3668000,4.1,3,XXL,Unisex,2025-04-26 12:26:41.046347
Outerwear 257,7073120,5.0,3,M,Women,2025-04-26 12:26:41.047346
Jacket 258,2080639,4.7,3,L,Unisex,2025-04-26 12:26:41.048346
Crewneck 259,2275520,3.3,3,XL,Men,2025-04-26 12:26:41.048346
T-shirt 260,6271520,3.5,3,XXL,Women,2025-04-26 12:26:41.050191
Pants 262,1097760,3.4,3,M,Men,2025-04-26 12:26:41.253672
Outerwear 263,1878400,4.2,3,L,Women,2025-04-26 12:26:41.253672
Jacket 264,2063040,4.8,3,XL,Unisex,2025-04-26 12:26:41.253672
Crewneck 265,2483040,3.5,3,XXL,Men,2025-04-26 12:26:41.253672
T-shirt 266,4842080,4.6,3,S,Women,2025-04-26 12:26:41.253672
Hoodie 267,4086240,4.3,3,M,Unisex,2025-04-26 12:26:41.253672
Pants 268,5005120,3.6,3,L,Men,2025-04-26 12:26:41.253672
Outerwear 269,8073920,3.1,3,XL,Women,2025-04-26 12:26:41.253672
Jacket 270,2569120,4.2,3,XXL,Unisex,2025-04-26 12:26:41.253672
T-shirt 272,5811840,3.3,3,M,Women,2025-04-26 12:26:41.260430
Hoodie 273,5291360,4.9,3,L,Unisex,2025-04-26 12:26:41.260430
Pants 274,3669280,4.2,3,XL,Men,2025-04-26 12:26:41.262035
Outerwear 275,5575360,4.8,3,XXL,Women,2025-04-26 12:26:41.262035
Jacket 276,1013600,4.3,3,S,Unisex,2025-04-26 12:26:41.262035
Crewneck 277,2383680,4.7,3,M,Men,2025-04-26 12:26:41.262035
T-shirt 278,2087360,3.8,3,L,Women,2025-04-26 12:26:41.264045
Hoodie 279,5592320,4.7,3,XL,Unisex,2025-04-26 12:26:41.264045
Pants 280,7501440,3.9,3,XXL,Men,2025-04-26 12:26:41.264045
Jacket 282,2227040,3.0,3,M,Unisex,2025-04-26 12:26:41.461865
Crewneck 283,6633120,3.2,3,L,Men,2025-04-26 12:26:41.461865
T-shirt 284,6568000,3.6,3,XL,Women,2025-04-26 12:26:41.462967
Hoodie 285,3009120,3.2,3,XXL,Unisex,2025-04-26 12:26:41.462967
Outerwear 287,5273600,3.7,3,M,Women,2025-04-26 12:26:41.463955
Jacket 288,3123040,4.1,3,L,Unisex,2025-04-26 12:26:41.464863
Crewneck 289,888000,4.0,3,XL,Men,2025-04-26 12:26:41.464863
T-shirt 290,6425120,4.2,3,XXL,Women,2025-04-26 12:26:41.465889
Pants 292,2384480,3.9,3,M,Men,2025-04-26 12:26:41.466753
Outerwear 293,1176160,4.5,3,L,Women,2025-04-26 12:26:41.467187
Jacket 294,5947200,3.8,3,XL,Unisex,2025-04-26 12:26:41.467495
Crewneck 295,7266720,4.9,3,XXL,Men,2025-04-26 12:26:41.467495
T-shirt 296,1172160,3.1,3,S,Women,2025-04-26 12:26:41.467495
Hoodie 297,7801120,3.6,3,M,Unisex,2025-04-26 12:26:41.468522
Pants 298,2426080,4.8,3,L,Men,2025-04-26 12:26:41.468522
Outerwear 299,1947840,4.3,3,XL,Women,2025-04-26 12:26:41.468522
Jacket 300,6408480,4.0,3,XXL,Unisex,2025-04-26 12:26:41.469512
T-shirt 302,5711200,3.2,3,M,Women,2025-04-26 12:26:41.879390
Hoodie 303,7974560,4.1,3,L,Unisex,2025-04-26 12:26:41.879390
Pants 304,7129760,3.4,3,XL,Men,2025-04-26 12:26:41.880381
Outerwear 305,6325440,4.5,3,XXL,Women,2025-04-26 12:26:41.880381
Jacket 306,7575040,4.2,3,S,Unisex,2025-04-26 12:26:41.881524
Crewneck 307,7735200,3.7,3,M,Men,2025-04-26 12:26:41.881524
T-shirt 308,4086080,4.1,3,L,Women,2025-04-26 12:26:41.881524
Hoodie 309,3953120,4.8,3,XL,Unisex,2025-04-26 12:26:41.882623
Pants 310,6329280,4.7,3,XXL,Men,2025-04-26 12:26:41.882940
Jacket 312,7267040,3.8,3,M,Unisex,2025-04-26 12:26:41.882940
Crewneck 313,1948320,3.1,3,L,Men,2025-04-26 12:26:41.882940
T-shirt 314,6017120,3.2,3,XL,Women,2025-04-26 12:26:41.882940
Hoodie 315,7022880,3.1,3,XXL,Unisex,2025-04-26 12:26:41.882940
Outerwear 317,5259040,3.3,3,M,Women,2025-04-26 12:26:41.882940
Jacket 318,5667200,3.7,3,L,Unisex,2025-04-26 12:26:41.882940
Crewneck 319,3085920,3.3,3,XL,Men,2025-04-26 12:26:41.882940
T-shirt 320,829440,3.3,3,XXL,Women,2025-04-26 12:26:41.882940
Pants 322,7810400,3.2,3,M,Men,2025-04-26 12:26:42.202434
Outerwear 323,8468000,3.1,3,L,Women,2025-04-26 12:26:42.202434
Jacket 324,6082720,3.3,3,XL,Unisex,2025-04-26 12:26:42.202434
Crewneck 325,3001760,3.4,3,XXL,Men,2025-04-26 12:26:42.202434
T-shirt 326,4519360,4.9,3,S,Women,2025-04-26 12:26:42.202434
Hoodie 327,6641440,4.4,3,M,Unisex,2025-04-26 12:26:42.202434
Pants 328,5732960,4.5,3,L,Men,2025-04-26 12:26:42.204439
Outerwear 329,6724160,4.7,3,XL,Women,2025-04-26 12:26:42.204439
Jacket 330,1591200,4.3,3,XXL,Unisex,2025-04-26 12:26:42.204439
T-shirt 332,2335680,3.4,3,M,Women,2025-04-26 12:26:42.204439
Hoodie 333,1746080,4.8,3,L,Unisex,2025-04-26 12:26:42.204439
Pants 334,2409440,3.8,3,XL,Men,2025-04-26 12:26:42.204439
Outerwear 335,2826720,3.0,3,XXL,Women,2025-04-26 12:26:42.204439
Jacket 336,6237760,5.0,3,S,Unisex,2025-04-26 12:26:42.206442
Crewneck 337,8608800,4.3,3,M,Men,2025-04-26 12:26:42.206442
T-shirt 338,2883360,3.9,3,L,Women,2025-04-26 12:26:42.206442
Hoodie 339,4424800,4.9,3,XL,Unisex,2025-04-26 12:26:42.206442
Pants 340,5975200,4.3,3,XXL,Men,2025-04-26 12:26:42.206442
Jacket 342,1827680,4.8,3,M,Unisex,2025-04-26 12:26:42.381985
Crewneck 343,2279040,4.1,3,L,Men,2025-04-26 12:26:42.381985
T-shirt 344,3415680,4.5,3,XL,Women,2025-04-26 12:26:42.381985
Hoodie 345,7577440,3.3,3,XXL,Unisex,2025-04-26 12:26:42.381985
Outerwear 347,6986080,4.7,3,M,Women,2025-04-26 12:26:42.381985
Jacket 348,3195040,4.6,3,L,Unisex,2025-04-26 12:26:42.381985
Crewneck 349,6085600,3.5,3,XL,Men,2025-04-26 12:26:42.390821
T-shirt 350,8047680,5.0,3,XXL,Women,2025-04-26 12:26:42.390821
Pants 352,2838880,4.0,3,M,Men,2025-04-26 12:26:42.390821
Outerwear 353,961600,3.6,3,L,Women,2025-04-26 12:26:42.390821
Jacket 354,2294720,3.8,3,XL,Unisex,2025-04-26 12:26:42.390821
Crewneck 355,4246560,3.2,3,XXL,Men,2025-04-26 12:26:42.390821
T-shirt 356,7150080,4.3,3,S,Women,2025-04-26 12:26:42.390821
Hoodie 357,3739360,3.6,3,M,Unisex,2025-04-26 12:26:42.390821
Pants 358,8479520,3.9,3,L,Men,2025-04-26 12:26:42.390821
Outerwear 359,1696480,4.3,3,XL,Women,2025-04-26 12:26:42.390821
Jacket 360,8788320,4.8,3,XXL,Unisex,2025-04-26 12:26:42.390821
T-shirt 362,4776800,5.0,3,M,Women,2025-04-26 12:26:42.570558
Hoodie 363,1171360,3.2,3,L,Unisex,2025-04-26 12:26:42.570558
Pants 364,4972800,4.8,3,XL,Men,2025-04-26 12:26:42.570558
Outerwear 365,6956480,4.5,3,XXL,Women,2025-04-26 12:26:42.570558
Jacket 366,5854880,4.9,3,S,Unisex,2025-04-26 12:26:42.570558
Crewneck 367,8359360,4.9,3,M,Men,2025-04-26 12:26:42.570558
T-shirt 368,965120,3.2,3,L,Women,2025-04-26 12:26:42.570558
Hoodie 369,7204960,4.7,3,XL,Unisex,2025-04-26 12:26:42.570558
Pants 370,4559680,3.6,3,XXL,Men,2025-04-26 12:26:42.575917
Jacket 372,5052960,3.6,3,M,Unisex,2025-04-26 12:26:42.575917
Crewneck 373,2231040,3.6,3,L,Men,2025-04-26 12:26:42.575917
T-shirt 374,7697120,3.9,3,XL,Women,2025-04-26 12:26:42.575917
Hoodie 375,7027520,3.9,3,XXL,Unisex,2025-04-26 12:26:42.575917
Outerwear 377,6802080,4.8,3,M,Women,2025-04-26 12:26:42.575917
Jacket 378,3402400,3.6,3,L,Unisex,2025-04-26 12:26:42.575917
Crewneck 379,3963200,4.4,3,XL,Men,2025-04-26 12:26:42.575917
T-shirt 380,2547040,3.8,3,XXL,Women,2025-04-26 12:26:42.580529
Pants 382,1356160,4.4,3,M,Men,2025-04-26 12:26:42.750805
Outerwear 383,3431040,3.4,3,L,Women,2025-04-26 12:26:42.750805
Jacket 384,1452960,3.3,3,XL,Unisex,2025-04-26 12:26:42.750805
Crewneck 385,7950720,4.9,3,XXL,Men,2025-04-26 12:26:42.750805
T-shirt 386,4793600,4.6,3,S,Women,2025-04-26 12:26:42.750805
Hoodie 387,8418080,4.2,3,M,Unisex,2025-04-26 12:26:42.750805
Pants 388,931200,3.1,3,L,Men,2025-04-26 12:26:42.750805
Outerwear 389,2883200,5.0,3,XL,Women,2025-04-26 12:26:42.750805
Jacket 390,5432960,3.3,3,XXL,Unisex,2025-04-26 12:26:42.750805
T-shirt 392,1226080,4.4,3,M,Women,2025-04-26 12:26:42.750805
Hoodie 393,4068480,3.2,3,L,Unisex,2025-04-26 12:26:42.750805
Pants 394,3540000,3.3,3,XL,Men,2025-04-26 12:26:42.750805
Outerwear 395,3098720,4.0,3,XXL,Women,2025-04-26 12:26:42.750805
Jacket 396,2505280,3.9,3,S,Unisex,2025-04-26 12:26:42.750805
Crewneck 397,855360,3.6,3,M,Men,2025-04-26 12:26:42.750805
T-shirt 398,4592800,4.7,3,L,Women,2025-04-26 12:26:42.760661
Hoodie 399,2523520,3.6,3,XL,Unisex,2025-04-26 12:26:42.760661
Pants 400,6020640,4.7,3,XXL,Men,2025-04-26 12:26:42.760661
Jacket 402,2029120,4.6,3,M,Unisex,2025-04-26 12:26:42.950661
Crewneck 403,1580320,4.1,3,L,Men,2025-04-26 12:26:42.950661
T-shirt 404,3501120,4.9,3,XL,Women,2025-04-26 12:26:42.950661
Hoodie 405,5080160,3.8,3,XXL,Unisex,2025-04-26 12:26:42.950661
Outerwear 407,2761280,3.7,3,M,Women,2025-04-26 12:26:42.950661
Jacket 408,4176000,4.9,3,L,Unisex,2025-04-26 12:26:42.950661
Crewneck 409,3221760,3.5,3,XL,Men,2025-04-26 12:26:42.950661
T-shirt 410,1586720,3.1,3,XXL,Women,2025-04-26 12:26:42.950661
Pants 412,5438240,4.4,3,M,Men,2025-04-26 12:26:42.950661
Outerwear 413,1306400,3.4,3,L,Women,2025-04-26 12:26:42.950661
Jacket 414,2234720,3.7,3,XL,Unisex,2025-04-26 12:26:42.950661
Crewneck 415,3617440,3.1,3,XXL,Men,2025-04-26 12:26:42.960557
T-shirt 416,4454080,3.1,3,S,Women,2025-04-26 12:26:42.960557
Hoodie 417,2769440,4.6,3,M,Unisex,2025-04-26 12:26:42.960557
Pants 418,6307840,5.0,3,L,Men,2025-04-26 12:26:42.960557
Outerwear 419,7004000,5.0,3,XL,Women,2025-04-26 12:26:42.963377
Jacket 420,2472640,3.1,3,XXL,Unisex,2025-04-26 12:26:42.963377
T-shirt 422,924320,3.9,3,M,Women,2025-04-26 12:26:43.130416
Hoodie 423,4601760,3.7,3,L,Unisex,2025-04-26 12:26:43.130897
Pants 424,3865760,4.4,3,XL,Men,2025-04-26 12:26:43.130897
Outerwear 425,2528480,4.8,3,XXL,Women,2025-04-26 12:26:43.130897
Jacket 426,3462400,3.4,3,S,Unisex,2025-04-26 12:26:43.132795
Crewneck 427,6375200,3.3,3,M,Men,2025-04-26 12:26:43.133809
T-shirt 428,7053120,4.9,3,L,Women,2025-04-26 12:26:43.133809
Hoodie 429,1658560,4.9,3,XL,Unisex,2025-04-26 12:26:43.134811
Pants 430,1442080,3.9,3,XXL,Men,2025-04-26 12:26:43.134811
Jacket 432,2151840,4.5,3,M,Unisex,2025-04-26 12:26:43.135808
Crewneck 433,3872480,4.2,3,L,Men,2025-04-26 12:26:43.136805
T-shirt 434,6557120,4.9,3,XL,Women,2025-04-26 12:26:43.136805
Hoodie 435,1015680,4.0,3,XXL,Unisex,2025-04-26 12:26:43.136805
Outerwear 437,1016800,3.9,3,M,Women,2025-04-26 12:26:43.137812
Jacket 438,2453120,4.5,3,L,Unisex,2025-04-26 12:26:43.137812
Crewneck 439,4005440,3.2,3,XL,Men,2025-04-26 12:26:43.138805
T-shirt 440,5326080,3.0,3,XXL,Women,2025-04-26 12:26:43.138805
Pants 442,4701600,4.3,3,M,Men,2025-04-26 12:26:43.580479
Outerwear 443,7262720,4.2,3,L,Women,2025-04-26 12:26:43.581015
Jacket 444,4016960,3.3,3,XL,Unisex,2025-04-26 12:26:43.581559
Crewneck 445,3574240,4.5,3,XXL,Men,2025-04-26 12:26:43.581559
T-shirt 446,7740160,3.2,3,S,Women,2025-04-26 12:26:43.581559
Hoodie 447,4748640,4.0,3,M,Unisex,2025-04-26 12:26:43.582458
Pants 448,820160,4.4,3,L,Men,2025-04-26 12:26:43.582458
Outerwear 449,6410080,4.0,3,XL,Women,2025-04-26 12:26:43.583071
Jacket 450,8754880,3.1,3,XXL,Unisex,2025-04-26 12:26:43.583424
T-shirt 452,6892800,4.4,3,M,Women,2025-04-26 12:26:43.583967
Hoodie 453,6576960,4.2,3,L,Unisex,2025-04-26 12:26:43.583967
Pants 454,2179520,5.0,3,XL,Men,2025-04-26 12:26:43.583967
Outerwear 455,1094080,4.8,3,XXL,Women,2025-04-26 12:26:43.584806
Jacket 456,8096000,4.1,3,S,Unisex,2025-04-26 12:26:43.585199
Crewneck 457,7342880,4.8,3,M,Men,2025-04-26 12:26:43.585199
T-shirt 458,4240000,4.4,3,L,Women,2025-04-26 12:26:43.585199
Hoodie 459,3237280,3.5,3,XL,Unisex,2025-04-26 12:26:43.585199
Pants 460,1880800,3.6,3,XXL,Men,2025-04-26 12:26:43.585199
Jacket 462,6767840,4.5,3,M,Unisex,2025-04-26 12:26:44.052479
Crewneck 463,7539520,4.5,3,L,Men,2025-04-26 12:26:44.052479
T-shirt 464,6070080,4.5,3,XL,Women,2025-04-26 12:26:44.054486
Hoodie 465,6164320,4.7,3,XXL,Unisex,2025-04-26 12:26:44.054486
Outerwear 467,1325920,3.5,3,M,Women,2025-04-26 12:26:44.054486
Jacket 468,4584960,3.7,3,L,Unisex,2025-04-26 12:26:44.054486
Crewneck 469,1738880,4.2,3,XL,Men,2025-04-26 12:26:44.054486
T-shirt 470,7738880,3.1,3,XXL,Women,2025-04-26 12:26:44.054486
Pants 472,3902080,3.1,3,M,Men,2025-04-26 12:26:44.056490
Outerwear 473,5478080,4.2,3,L,Women,2025-04-26 12:26:44.056490
Jacket 474,5864960,4.7,3,XL,Unisex,2025-04-26 12:26:44.056490
Crewneck 475,7017280,4.6,3,XXL,Men,2025-04-26 12:26:44.056490
T-shirt 476,3986240,4.3,3,S,Women,2025-04-26 12:26:44.056490
Hoodie 477,6626080,4.2,3,M,Unisex,2025-04-26 12:26:44.056490
Pants 478,4912000,3.8,3,L,Men,2025-04-26 12:26:44.058496
Outerwear 479,7302400,4.4,3,XL,Women,2025-04-26 12:26:44.058496
Jacket 480,4986240,4.2,3,XXL,Unisex,2025-04-26 12:26:44.058496
T-shirt 482,3352480,4.8,3,M,Women,2025-04-26 12:26:44.558780
Hoodie 483,4035040,4.2,3,L,Unisex,2025-04-26 12:26:44.558780
Pants 484,6428640,4.1,3,XL,Men,2025-04-26 12:26:44.560285
Outerwear 485,4044480,4.7,3,XXL,Women,2025-04-26 12:26:44.560285
Jacket 486,2573760,3.0,3,S,Unisex,2025-04-26 12:26:44.561296
Crewneck 487,6955520,3.7,3,M,Men,2025-04-26 12:26:44.561296
T-shirt 488,8789760,3.8,3,L,Women,2025-04-26 12:26:44.562397
Hoodie 489,3554560,5.0,3,XL,Unisex,2025-04-26 12:26:44.563395
Pants 490,7081600,3.1,3,XXL,Men,2025-04-26 12:26:44.563395
Jacket 492,6011840,3.0,3,M,Unisex,2025-04-26 12:26:44.564391
Crewneck 493,5071520,4.8,3,L,Men,2025-04-26 12:26:44.565390
T-shirt 494,1390080,3.4,3,XL,Women,2025-04-26 12:26:44.565390
Hoodie 495,1663200,4.5,3,XXL,Unisex,2025-04-26 12:26:44.566262
Outerwear 497,3957760,4.4,3,M,Women,2025-04-26 12:26:44.567017
Jacket 498,4412800,4.6,3,L,Unisex,2025-04-26 12:26:44.568027
Crewneck 499,7825920,4.1,3,XL,Men,2025-04-26 12:26:44.568027
T-shirt 500,8114400,4.2,3,XXL,Women,2025-04-26 12:26:44.569025
Pants 502,7132480,4.4,3,M,Men,2025-04-26 12:26:44.799535
Outerwear 503,4924480,4.8,3,L,Women,2025-04-26 12:26:44.799535
Jacket 504,8024480,5.0,3,XL,Unisex,2025-04-26 12:26:44.800635
Crewneck 505,8747680,4.3,3,XXL,Men,2025-04-26 12:26:44.800635
T-shirt 506,8572000,3.6,3,S,Women,2025-04-26 12:26:44.800635
Hoodie 507,6844000,4.7,3,M,Unisex,2025-04-26 12:26:44.800635
Pants 508,7766080,3.5,3,L,Men,2025-04-26 12:26:44.800635
Outerwear 509,7178400,3.1,3,XL,Women,2025-04-26 12:26:44.800635
Jacket 510,1562080,3.4,3,XXL,Unisex,2025-04-26 12:26:44.800635
T-shirt 512,4319680,3.7,3,M,Women,2025-04-26 12:26:44.800635
Hoodie 513,1693760,4.4,3,L,Unisex,2025-04-26 12:26:44.800635
Pants 514,6888960,3.9,3,XL,Men,2025-04-26 12:26:44.805804
Outerwear 515,7262560,3.1,3,XXL,Women,2025-04-26 12:26:44.805804
Jacket 516,7130720,3.4,3,S,Unisex,2025-04-26 12:26:44.805804
Crewneck 517,1069280,3.5,3,M,Men,2025-04-26 12:26:44.805804
T-shirt 518,2575680,4.1,3,L,Women,2025-04-26 12:26:44.805804
Hoodie 519,2236160,4.5,3,XL,Unisex,2025-04-26 12:26:44.805804
Pants 520,2308320,3.8,3,XXL,Men,2025-04-26 12:26:44.805804
Jacket 522,6292960,4.0,3,M,Unisex,2025-04-26 12:26:48.085043
Crewneck 523,3626720,4.6,3,L,Men,2025-04-26 12:26:48.087051
T-shirt 524,936000,3.8,3,XL,Women,2025-04-26 12:26:48.087051
Hoodie 525,7919040,3.6,3,XXL,Unisex,2025-04-26 12:26:48.087051
Outerwear 527,4669280,3.6,3,M,Women,2025-04-26 12:26:48.087051
Jacket 528,5595840,4.0,3,L,Unisex,2025-04-26 12:26:48.087051
Crewneck 529,1420160,3.2,3,XL,Men,2025-04-26 12:26:48.087051
T-shirt 530,6173760,3.3,3,XXL,Women,2025-04-26 12:26:48.089776
Pants 532,8391200,4.1,3,M,Men,2025-04-26 12:26:48.089776
Outerwear 533,3370240,4.2,3,L,Women,2025-04-26 12:26:48.089776
Jacket 534,3479200,3.7,3,XL,Unisex,2025-04-26 12:26:48.089776
Crewneck 535,3901280,3.7,3,XXL,Men,2025-04-26 12:26:48.090780
T-shirt 536,5092480,3.0,3,S,Women,2025-04-26 12:26:48.090780
Hoodie 537,8671840,3.1,3,M,Unisex,2025-04-26 12:26:48.090780
Pants 538,6134240,3.4,3,L,Men,2025-04-26 12:26:48.090780
Outerwear 539,4692640,4.7,3,XL,Women,2025-04-26 12:26:48.090780
Jacket 540,7051840,4.4,3,XXL,Unisex,2025-04-26 12:26:48.090780
T-shirt 542,4761440,3.5,3,M,Women,2025-04-26 12:26:48.306635
Hoodie 543,8715680,4.7,3,L,Unisex,2025-04-26 12:26:48.306635
Pants 544,5957760,3.1,3,XL,Men,2025-04-26 12:26:48.306635
Outerwear 545,3579360,4.0,3,XXL,Women,2025-04-26 12:26:48.308643
Jacket 546,6271520,3.3,3,S,Unisex,2025-04-26 12:26:48.308643
Crewneck 547,5361120,3.9,3,M,Men,2025-04-26 12:26:48.308643
T-shirt 548,2686240,4.6,3,L,Women,2025-04-26 12:26:48.308643
Hoodie 549,2687200,3.7,3,XL,Unisex,2025-04-26 12:26:48.308643
Pants 550,4450080,4.9,3,XXL,Men,2025-04-26 12:26:48.310647
Jacket 552,5380320,4.1,3,M,Unisex,2025-04-26 12:26:48.310647
Crewneck 553,7760800,3.8,3,L,Men,2025-04-26 12:26:48.310647
T-shirt 554,4001120,4.5,3,XL,Women,2025-04-26 12:26:48.310647
Hoodie 555,1809600,3.0,3,XXL,Unisex,2025-04-26 12:26:48.310647
Outerwear 557,5460480,3.4,3,M,Women,2025-04-26 12:26:48.310647
Jacket 558,5007040,4.0,3,L,Unisex,2025-04-26 12:26:48.310647
Crewneck 559,1590880,3.5,3,XL,Men,2025-04-26 12:26:48.310647
T-shirt 560,6885280,4.2,3,XXL,Women,2025-04-26 12:26:48.310647
Pants 562,3724160,4.5,3,M,Men,2025-04-26 12:26:48.530612
Outerwear 563,8197440,4.7,3,L,Women,2025-04-26 12:26:48.532639
Jacket 564,8319200,4.3,3,XL,Unisex,2025-04-26 12:26:48.532639
Crewneck 565,7635200,3.5,3,XXL,Men,2025-04-26 12:26:48.532639
T-shirt 566,2611360,4.6,3,S,Women,2025-04-26 12:26:48.532639
Hoodie 567,4576160,3.2,3,M,Unisex,2025-04-26 12:26:48.532639
Pants 568,2984160,3.3,3,L,Men,2025-04-26 12:26:48.534642
Outerwear 569,4966880,4.7,3,XL,Women,2025-04-26 12:26:48.534642
Jacket 570,4000960,3.9,3,XXL,Unisex,2025-04-26 12:26:48.534642
T-shirt 572,4756320,3.2,3,M,Women,2025-04-26 12:26:48.534642
Hoodie 573,6954080,4.5,3,L,Unisex,2025-04-26 12:26:48.534642
Pants 574,2424000,3.8,3,XL,Men,2025-04-26 12:26:48.536645
Outerwear 575,3517760,3.4,3,XXL,Women,2025-04-26 12:26:48.536645
Jacket 576,805600,3.5,3,S,Unisex,2025-04-26 12:26:48.536645
Crewneck 577,7873920,3.3,3,M,Men,2025-04-26 12:26:48.536645
T-shirt 578,7958880,4.1,3,L,Women,2025-04-26 12:26:48.536645
Hoodie 579,4428640,4.4,3,XL,Unisex,2025-04-26 12:26:48.536645
Pants 580,2625440,3.3,3,XXL,Men,2025-04-26 12:26:48.536645
Jacket 582,4112160,4.1,3,M,Unisex,2025-04-26 12:26:48.799085
Crewneck 583,5737760,4.5,3,L,Men,2025-04-26 12:26:48.799495
T-shirt 584,6964960,4.8,3,XL,Women,2025-04-26 12:26:48.799897
Hoodie 585,6186880,4.9,3,XXL,Unisex,2025-04-26 12:26:48.799897
Outerwear 587,4424960,4.4,3,M,Women,2025-04-26 12:26:48.801045
Jacket 588,4963040,4.7,3,L,Unisex,2025-04-26 12:26:48.801045
Crewneck 589,931840,4.7,3,XL,Men,2025-04-26 12:26:48.802053
T-shirt 590,6457120,3.9,3,XXL,Women,2025-04-26 12:26:48.802053
Pants 592,6805440,4.3,3,M,Men,2025-04-26 12:26:48.802053
Outerwear 593,7163840,3.9,3,L,Women,2025-04-26 12:26:48.803174
Jacket 594,8707680,4.2,3,XL,Unisex,2025-04-26 12:26:48.803174
Crewneck 595,3723840,3.5,3,XXL,Men,2025-04-26 12:26:48.803174
T-shirt 596,8290400,4.4,3,S,Women,2025-04-26 12:26:48.804176
Hoodie 597,7969440,3.3,3,M,Unisex,2025-04-26 12:26:48.804176
Pants 598,4714080,4.1,3,L,Men,2025-04-26 12:26:48.804176
Outerwear 599,1179040,3.3,3,XL,Women,2025-04-26 12:26:48.804176
Jacket 600,6414080,3.0,3,XXL,Unisex,2025-04-26 12:26:48.805183
T-shirt 602,2260960,4.4,3,M,Women,2025-04-26 12:26:49.004503
Hoodie 603,7511520,3.1,3,L,Unisex,2025-04-26 12:26:49.004503
Pants 604,7662240,4.3,3,XL,Men,2025-04-26 12:26:49.004503
Outerwear 605,1710720,3.7,3,XXL,Women,2025-04-26 12:26:49.007949
Jacket 606,5770720,4.6,3,S,Unisex,2025-04-26 12:26:49.007949
Crewneck 607,3857600,3.1,3,M,Men,2025-04-26 12:26:49.007949
T-shirt 608,7047840,4.6,3,L,Women,2025-04-26 12:26:49.007949
Hoodie 609,2956320,4.1,3,XL,Unisex,2025-04-26 12:26:49.007949
Pants 610,4515360,3.3,3,XXL,Men,2025-04-26 12:26:49.007949
Jacket 612,3202720,3.1,3,M,Unisex,2025-04-26 12:26:49.009953
Crewneck 613,1013920,3.6,3,L,Men,2025-04-26 12:26:49.010457
T-shirt 614,2428160,3.1,3,XL,Women,2025-04-26 12:26:49.010457
Hoodie 615,4798720,4.8,3,XXL,Unisex,2025-04-26 12:26:49.010457
Outerwear 617,1765920,4.3,3,M,Women,2025-04-26 12:26:49.010457
Jacket 618,6474080,3.3,3,L,Unisex,2025-04-26 12:26:49.010457
Crewneck 619,8340639,4.4,3,XL,Men,2025-04-26 12:26:49.012572
T-shirt 620,2270240,3.3,3,XXL,Women,2025-04-26 12:26:49.012572
Pants 622,4849600,3.5,3,M,Men,2025-04-26 12:26:49.205764
Outerwear 623,7299520,4.6,3,L,Women,2025-04-26 12:26:49.206762
Jacket 624,6943200,3.9,3,XL,Unisex,2025-04-26 12:26:49.207762
Crewneck 625,7826400,4.1,3,XXL,Men,2025-04-26 12:26:49.207762
T-shirt 626,7777440,4.5,3,S,Women,2025-04-26 12:26:49.208761
Hoodie 627,1232320,3.2,3,M,Unisex,2025-04-26 12:26:49.208761
Pants 628,8113120,4.3,3,L,Men,2025-04-26 12:26:49.209761
Outerwear 629,3997920,4.4,3,XL,Women,2025-04-26 12:26:49.209761
Jacket 630,1003680,3.8,3,XXL,Unisex,2025-04-26 12:26:49.210761
T-shirt 632,4314240,3.6,3,M,Women,2025-04-26 12:26:49.211265
Hoodie 633,3128000,3.1,3,L,Unisex,2025-04-26 12:26:49.212270
Pants 634,8535680,3.9,3,XL,Men,2025-04-26 12:26:49.213278
Outerwear 635,6897120,4.1,3,XXL,Women,2025-04-26 12:26:49.213278
Jacket 636,3476320,4.5,3,S,Unisex,2025-04-26 12:26:49.213278
Crewneck 637,6030240,4.0,3,M,Men,2025-04-26 12:26:49.214376
T-shirt 638,5220960,4.6,3,L,Women,2025-04-26 12:26:49.214376
Hoodie 639,6782720,4.7,3,XL,Unisex,2025-04-26 12:26:49.215281
Pants 640,3038560,3.8,3,XXL,Men,2025-04-26 12:26:49.216278
Jacket 642,7747360,4.7,3,M,Unisex,2025-04-26 12:26:49.404444
Crewneck 643,6116000,3.2,3,L,Men,2025-04-26 12:26:49.404444
T-shirt 644,7479360,4.2,3,XL,Women,2025-04-26 12:26:49.404444
Hoodie 645,3285440,3.3,3,XXL,Unisex,2025-04-26 12:26:49.404444
Outerwear 647,4304960,3.8,3,M,Women,2025-04-26 12:26:49.410736
Jacket 648,8699520,4.5,3,L,Unisex,2025-04-26 12:26:49.410736
Crewneck 649,8588160,3.2,3,XL,Men,2025-04-26 12:26:49.410736
T-shirt 650,8012800,3.4,3,XXL,Women,2025-04-26 12:26:49.410736
Pants 652,6084960,3.3,3,M,Men,2025-04-26 12:26:49.410736
Outerwear 653,2622080,4.0,3,L,Women,2025-04-26 12:26:49.410736
Jacket 654,4089440,4.7,3,XL,Unisex,2025-04-26 12:26:49.410736
Crewneck 655,1834240,4.1,3,XXL,Men,2025-04-26 12:26:49.410736
T-shirt 656,2538720,4.2,3,S,Women,2025-04-26 12:26:49.410736
Hoodie 657,8459040,4.8,3,M,Unisex,2025-04-26 12:26:49.410736
Pants 658,6268320,3.8,3,L,Men,2025-04-26 12:26:49.414559
Outerwear 659,1817920,3.3,3,XL,Women,2025-04-26 12:26:49.414559
Jacket 660,8715200,3.5,3,XXL,Unisex,2025-04-26 12:26:49.415469
T-shirt 662,1422720,4.5,3,M,Women,2025-04-26 12:26:50.672430
Hoodie 663,7087200,4.0,3,L,Unisex,2025-04-26 12:26:50.672430
Pants 664,8248639,3.5,3,XL,Men,2025-04-26 12:26:50.673433
Outerwear 665,4033600,3.2,3,XXL,Women,2025-04-26 12:26:50.673433
Jacket 666,4844000,3.9,3,S,Unisex,2025-04-26 12:26:50.673433
Crewneck 667,1756640,3.7,3,M,Men,2025-04-26 12:26:50.673433
T-shirt 668,5044640,3.7,3,L,Women,2025-04-26 12:26:50.674433
Hoodie 669,2346080,3.3,3,XL,Unisex,2025-04-26 12:26:50.674433
Pants 670,8406720,4.8,3,XXL,Men,2025-04-26 12:26:50.674433
Jacket 672,4776160,4.5,3,M,Unisex,2025-04-26 12:26:50.675433
Crewneck 673,2803360,4.7,3,L,Men,2025-04-26 12:26:50.675433
T-shirt 674,3156640,3.1,3,XL,Women,2025-04-26 12:26:50.675433
Hoodie 675,4314880,3.2,3,XXL,Unisex,2025-04-26 12:26:50.675433
Outerwear 677,4657440,3.3,3,M,Women,2025-04-26 12:26:50.676433
Jacket 678,2777120,4.3,3,L,Unisex,2025-04-26 12:26:50.676433
Crewneck 679,6373120,3.2,3,XL,Men,2025-04-26 12:26:50.676433
T-shirt 680,8164800,3.2,3,XXL,Women,2025-04-26 12:26:50.677433
Pants 682,7616480,3.9,3,M,Men,2025-04-26 12:26:50.877777
Outerwear 683,3907360,3.6,3,L,Women,2025-04-26 12:26:50.878790
Jacket 684,7102560,3.5,3,XL,Unisex,2025-04-26 12:26:50.878790
Crewneck 685,1495840,4.6,3,XXL,Men,2025-04-26 12:26:50.880303
T-shirt 686,5381760,3.8,3,S,Women,2025-04-26 12:26:50.880303
Hoodie 687,4220800,4.7,3,M,Unisex,2025-04-26 12:26:50.880303
Pants 688,1487520,4.4,3,L,Men,2025-04-26 12:26:50.881320
Outerwear 689,1939040,4.6,3,XL,Women,2025-04-26 12:26:50.881834
Jacket 690,8782560,4.7,3,XXL,Unisex,2025-04-26 12:26:50.883010
T-shirt 692,1416480,4.1,3,M,Women,2025-04-26 12:26:50.884525
Hoodie 693,3031680,4.1,3,L,Unisex,2025-04-26 12:26:50.884525
Pants 694,2466720,3.4,3,XL,Men,2025-04-26 12:26:50.885920
Outerwear 695,959360,3.3,3,XXL,Women,2025-04-26 12:26:50.886933
Jacket 696,5146240,4.2,3,S,Unisex,2025-04-26 12:26:50.886933
Crewneck 697,6545120,5.0,3,M,Men,2025-04-26 12:26:50.886933
T-shirt 698,2444960,4.1,3,L,Women,2025-04-26 12:26:50.887937
Hoodie 699,5250240,4.5,3,XL,Unisex,2025-04-26 12:26:50.887937
Pants 700,3526560,4.3,3,XXL,Men,2025-04-26 12:26:50.887937
Jacket 702,4927680,4.3,3,M,Unisex,2025-04-26 12:26:51.087559
Crewneck 703,2949120,4.2,3,L,Men,2025-04-26 12:26:51.088560
T-shirt 704,6214240,4.1,3,XL,Women,2025-04-26 12:26:51.089558
Hoodie 705,3042880,3.1,3,XXL,Unisex,2025-04-26 12:26:51.089558
Outerwear 707,7746240,4.4,3,M,Women,2025-04-26 12:26:51.091065
Jacket 708,8541280,4.3,3,L,Unisex,2025-04-26 12:26:51.091740
Crewneck 709,7022400,3.9,3,XL,Men,2025-04-26 12:26:51.091740
T-shirt 710,3751520,3.2,3,XXL,Women,2025-04-26 12:26:51.092745
Pants 712,1510400,4.1,3,M,Men,2025-04-26 12:26:51.093744
Outerwear 713,3142880,4.4,3,L,Women,2025-04-26 12:26:51.094248
Jacket 714,892320,3.1,3,XL,Unisex,2025-04-26 12:26:51.094248
Crewneck 715,7021760,3.9,3,XXL,Men,2025-04-26 12:26:51.094248
T-shirt 716,3602560,4.9,3,S,Women,2025-04-26 12:26:51.095253
Hoodie 717,1532800,3.6,3,M,Unisex,2025-04-26 12:26:51.095253
Pants 718,4057120,3.2,3,L,Men,2025-04-26 12:26:51.095253
Outerwear 719,3172960,4.7,3,XL,Women,2025-04-26 12:26:51.096252
Jacket 720,2028320,3.8,3,XXL,Unisex,2025-04-26 12:26:51.096252
T-shirt 722,8724320,3.2,3,M,Women,2025-04-26 12:26:51.359598
Hoodie 723,5664800,3.4,3,L,Unisex,2025-04-26 12:26:51.359598
Pants 724,4824800,4.7,3,XL,Men,2025-04-26 12:26:51.360883
Outerwear 725,4979200,3.0,3,XXL,Women,2025-04-26 12:26:51.361893
Jacket 726,6345920,3.5,3,S,Unisex,2025-04-26 12:26:51.362892
Crewneck 727,4024000,4.8,3,M,Men,2025-04-26 12:26:51.362892
T-shirt 728,8173440,3.0,3,L,Women,2025-04-26 12:26:51.363896
Hoodie 729,6431360,3.6,3,XL,Unisex,2025-04-26 12:26:51.364892
Pants 730,7228800,4.5,3,XXL,Men,2025-04-26 12:26:51.364892
Jacket 732,6597600,3.9,3,M,Unisex,2025-04-26 12:26:51.365891
Crewneck 733,1162880,4.7,3,L,Men,2025-04-26 12:26:51.366892
T-shirt 734,6858560,4.2,3,XL,Women,2025-04-26 12:26:51.366892
Hoodie 735,4664320,4.0,3,XXL,Unisex,2025-04-26 12:26:51.367892
Outerwear 737,1015680,4.7,3,M,Women,2025-04-26 12:26:51.368891
Jacket 738,1893920,3.7,3,L,Unisex,2025-04-26 12:26:51.368891
Crewneck 739,8072960,3.3,3,XL,Men,2025-04-26 12:26:51.368891
T-shirt 740,7016640,3.4,3,XXL,Women,2025-04-26 12:26:51.368891
Pants 742,5626080,3.6,3,M,Men,2025-04-26 12:26:51.548748
Outerwear 743,5678080,3.0,3,L,Women,2025-04-26 12:26:51.548748
Jacket 744,5175680,4.1,3,XL,Unisex,2025-04-26 12:26:51.548748
Crewneck 745,2882560,3.8,3,XXL,Men,2025-04-26 12:26:51.550258
T-shirt 746,1517440,5.0,3,S,Women,2025-04-26 12:26:51.550258
Hoodie 747,6326880,4.7,3,M,Unisex,2025-04-26 12:26:51.551338
Pants 748,3134080,3.7,3,L,Men,2025-04-26 12:26:51.551338
Outerwear 749,2627360,3.2,3,XL,Women,2025-04-26 12:26:51.552266
Jacket 750,1030400,3.7,3,XXL,Unisex,2025-04-26 12:26:51.552266
T-shirt 752,7431520,3.8,3,M,Women,2025-04-26 12:26:51.553400
Hoodie 753,8137600,4.8,3,L,Unisex,2025-04-26 12:26:51.554394
Pants 754,7229760,3.1,3,XL,Men,2025-04-26 12:26:51.554394
Outerwear 755,6910400,4.6,3,XXL,Women,2025-04-26 12:26:51.554394
Jacket 756,7128000,3.1,3,S,Unisex,2025-04-26 12:26:51.555395
Crewneck 757,7582720,4.4,3,M,Men,2025-04-26 12:26:51.555395
T-shirt 758,6025920,3.1,3,L,Women,2025-04-26 12:26:51.555395
Hoodie 759,2779840,4.7,3,XL,Unisex,2025-04-26 12:26:51.556379
Pants 760,2191040,4.1,3,XXL,Men,2025-04-26 12:26:51.556379
Jacket 762,4091840,4.9,3,M,Unisex,2025-04-26 12:26:52.759101
Crewneck 763,5792640,3.9,3,L,Men,2025-04-26 12:26:52.760708
T-shirt 764,7211680,3.4,3,XL,Women,2025-04-26 12:26:52.761111
Hoodie 765,1343360,4.9,3,XXL,Unisex,2025-04-26 12:26:52.761111
Outerwear 767,4152800,4.5,3,M,Women,2025-04-26 12:26:52.762106
Jacket 768,5662080,4.9,3,L,Unisex,2025-04-26 12:26:52.763213
Crewneck 769,6294560,3.3,3,XL,Men,2025-04-26 12:26:52.763213
T-shirt 770,1655040,3.5,3,XXL,Women,2025-04-26 12:26:52.764207
Pants 772,8748160,3.4,3,M,Men,2025-04-26 12:26:52.765106
Outerwear 773,3393600,3.2,3,L,Women,2025-04-26 12:26:52.766107
Jacket 774,1485760,4.1,3,XL,Unisex,2025-04-26 12:26:52.766107
Crewneck 775,8189440,3.1,3,XXL,Men,2025-04-26 12:26:52.767104
T-shirt 776,5333120,3.7,3,S,Women,2025-04-26 12:26:52.767104
Hoodie 777,6104800,3.4,3,M,Unisex,2025-04-26 12:26:52.768103
Pants 778,6034720,4.2,3,L,Men,2025-04-26 12:26:52.768103
Outerwear 779,5816480,3.2,3,XL,Women,2025-04-26 12:26:52.769103
Jacket 780,2767520,3.4,3,XXL,Unisex,2025-04-26 12:26:52.769103
T-shirt 782,4117439,4.5,3,M,Women,2025-04-26 12:26:53.952677
Hoodie 783,2510720,3.0,3,L,Unisex,2025-04-26 12:26:53.952677
Pants 784,5341280,3.0,3,XL,Men,2025-04-26 12:26:53.953677
Outerwear 785,6444480,4.3,3,XXL,Women,2025-04-26 12:26:53.953677
Jacket 786,6749280,5.0,3,S,Unisex,2025-04-26 12:26:53.953677
Crewneck 787,4593600,4.7,3,M,Men,2025-04-26 12:26:53.953677
T-shirt 788,3041120,4.7,3,L,Women,2025-04-26 12:26:53.953677
Hoodie 789,2153280,4.0,3,XL,Unisex,2025-04-26 12:26:53.954676
Pants 790,1708320,3.2,3,XXL,Men,2025-04-26 12:26:53.954676
Jacket 792,4068960,3.8,3,M,Unisex,2025-04-26 12:26:53.954676
Crewneck 793,8650080,4.0,3,L,Men,2025-04-26 12:26:53.955676
T-shirt 794,5983040,4.0,3,XL,Women,2025-04-26 12:26:53.955676
Hoodie 795,4209600,3.9,3,XXL,Unisex,2025-04-26 12:26:53.955676
Outerwear 797,2771360,4.9,3,M,Women,2025-04-26 12:26:53.956676
Jacket 798,4391040,3.4,3,L,Unisex,2025-04-26 12:26:53.956676
Crewneck 799,4048800,4.2,3,XL,Men,2025-04-26 12:26:53.956676
T-shirt 800,7433280,4.6,3,XXL,Women,2025-04-26 12:26:53.956676
Pants 802,5710240,4.4,3,M,Men,2025-04-26 12:26:54.146347
Outerwear 803,1875360,4.3,3,L,Women,2025-04-26 12:26:54.146347
Jacket 804,4459040,3.9,3,XL,Unisex,2025-04-26 12:26:54.147341
Crewneck 805,3266720,4.8,3,XXL,Men,2025-04-26 12:26:54.147341
T-shirt 806,7310560,3.0,3,S,Women,2025-04-26 12:26:54.147341
Hoodie 807,5016000,4.7,3,M,Unisex,2025-04-26 12:26:54.148340
Pants 808,8717760,3.2,3,L,Men,2025-04-26 12:26:54.148340
Outerwear 809,7162560,3.7,3,XL,Women,2025-04-26 12:26:54.148340
Jacket 810,3796640,4.8,3,XXL,Unisex,2025-04-26 12:26:54.148340
T-shirt 812,6406080,4.2,3,M,Women,2025-04-26 12:26:54.149343
Hoodie 813,4872800,5.0,3,L,Unisex,2025-04-26 12:26:54.150340
Pants 814,1110080,4.7,3,XL,Men,2025-04-26 12:26:54.150340
Outerwear 815,5985440,4.8,3,XXL,Women,2025-04-26 12:26:54.150845
Jacket 816,1649120,4.5,3,S,Unisex,2025-04-26 12:26:54.150845
Crewneck 817,8744160,4.4,3,M,Men,2025-04-26 12:26:54.150845
T-shirt 818,5160320,3.8,3,L,Women,2025-04-26 12:26:54.150845
Hoodie 819,4742400,4.7,3,XL,Unisex,2025-04-26 12:26:54.151851
Pants 820,6030720,3.4,3,XXL,Men,2025-04-26 12:26:54.151851
Jacket 822,838240,4.2,3,M,Unisex,2025-04-26 12:26:55.455987
Crewneck 823,6103520,4.7,3,L,Men,2025-04-26 12:26:55.456987
T-shirt 824,3301440,4.1,3,XL,Women,2025-04-26 12:26:55.457974
Hoodie 825,1058400,3.8,3,XXL,Unisex,2025-04-26 12:26:55.458984
Outerwear 827,7091040,4.8,3,M,Women,2025-04-26 12:26:55.460508
Jacket 828,2324000,4.6,3,L,Unisex,2025-04-26 12:26:55.461836
Crewneck 829,4630400,4.4,3,XL,Men,2025-04-26 12:26:55.462525
T-shirt 830,4496480,3.0,3,XXL,Women,2025-04-26 12:26:55.464049
Pants 832,3955360,4.6,3,M,Men,2025-04-26 12:26:55.467067
Outerwear 833,7101280,3.0,3,L,Women,2025-04-26 12:26:55.468085
Jacket 834,7223680,3.1,3,XL,Unisex,2025-04-26 12:26:55.469080
Crewneck 835,7143360,3.9,3,XXL,Men,2025-04-26 12:26:55.469080
T-shirt 836,6065440,4.1,3,S,Women,2025-04-26 12:26:55.470592
Hoodie 837,5532640,5.0,3,M,Unisex,2025-04-26 12:26:55.471603
Pants 838,2848800,3.1,3,L,Men,2025-04-26 12:26:55.472604
Outerwear 839,4208320,3.9,3,XL,Women,2025-04-26 12:26:55.472604
Jacket 840,8164640,3.6,3,XXL,Unisex,2025-04-26 12:26:55.473616
T-shirt 842,2859040,3.3,3,M,Women,2025-04-26 12:26:58.683028
Hoodie 843,2997120,3.6,3,L,Unisex,2025-04-26 12:26:58.685743
Pants 844,7422880,3.9,3,XL,Men,2025-04-26 12:26:58.686774
Outerwear 845,2023200,3.2,3,XXL,Women,2025-04-26 12:26:58.688768
Jacket 846,7480480,3.6,3,S,Unisex,2025-04-26 12:26:58.689769
Crewneck 847,4789920,3.7,3,M,Men,2025-04-26 12:26:58.690769
T-shirt 848,6134240,4.1,3,L,Women,2025-04-26 12:26:58.692488
Hoodie 849,7816160,3.5,3,XL,Unisex,2025-04-26 12:26:58.693507
Pants 850,4144160,4.2,3,XXL,Men,2025-04-26 12:26:58.694507
Jacket 852,2777280,4.1,3,M,Unisex,2025-04-26 12:26:58.696497
Crewneck 853,2643840,3.4,3,L,Men,2025-04-26 12:26:58.698407
T-shirt 854,1600000,4.5,3,XL,Women,2025-04-26 12:26:58.699406
Hoodie 855,3249760,5.0,3,XXL,Unisex,2025-04-26 12:26:58.701040
Outerwear 857,4532800,3.0,3,M,Women,2025-04-26 12:26:58.703044
Jacket 858,3748640,3.7,3,L,Unisex,2025-04-26 12:26:58.705145
Crewneck 859,6418560,3.0,3,XL,Men,2025-04-26 12:26:58.706145
T-shirt 860,2419360,4.7,3,XXL,Women,2025-04-26 12:26:58.707145
Pants 862,4131359,3.3,3,M,Men,2025-04-26 12:26:59.934661
Outerwear 863,1071360,4.0,3,L,Women,2025-04-26 12:26:59.935652
Jacket 864,2168000,4.5,3,XL,Unisex,2025-04-26 12:26:59.936671
Crewneck 865,6805120,3.9,3,XXL,Men,2025-04-26 12:26:59.936671
T-shirt 866,2399040,3.2,3,S,Women,2025-04-26 12:26:59.937649
Hoodie 867,1303840,3.3,3,M,Unisex,2025-04-26 12:26:59.937649
Pants 868,7473760,4.6,3,L,Men,2025-04-26 12:26:59.937649
Outerwear 869,6040320,4.5,3,XL,Women,2025-04-26 12:26:59.938648
Jacket 870,6395040,3.5,3,XXL,Unisex,2025-04-26 12:26:59.938648
T-shirt 872,1343680,4.3,3,M,Women,2025-04-26 12:26:59.938648
Hoodie 873,8321600,4.8,3,L,Unisex,2025-04-26 12:26:59.939648
Pants 874,2755200,4.4,3,XL,Men,2025-04-26 12:26:59.939648
Outerwear 875,2506720,4.6,3,XXL,Women,2025-04-26 12:26:59.940248
Jacket 876,3225760,4.6,3,S,Unisex,2025-04-26 12:26:59.940248
Crewneck 877,4552640,4.6,3,M,Men,2025-04-26 12:26:59.940866
T-shirt 878,4809760,4.7,3,L,Women,2025-04-26 12:26:59.940866
Hoodie 879,1026880,3.1,3,XL,Unisex,2025-04-26 12:26:59.940866
Pants 880,6497760,4.3,3,XXL,Men,2025-04-26 12:26:59.941693
Jacket 882,6420960,3.3,3,M,Unisex,2025-04-26 12:27:00.105806
Crewneck 883,5901120,3.6,3,L,Men,2025-04-26 12:27:00.107821
T-shirt 884,7414720,4.3,3,XL,Women,2025-04-26 12:27:00.107821
Hoodie 885,4760640,3.4,3,XXL,Unisex,2025-04-26 12:27:00.107821
Outerwear 887,7806400,3.8,3,M,Women,2025-04-26 12:27:00.108822
Jacket 888,7869280,4.2,3,L,Unisex,2025-04-26 12:27:00.108822
Crewneck 889,6333920,4.6,3,XL,Men,2025-04-26 12:27:00.108822
T-shirt 890,6439040,4.7,3,XXL,Women,2025-04-26 12:27:00.108822
Pants 892,8515360,4.4,3,M,Men,2025-04-26 12:27:00.108822
Outerwear 893,2673600,3.2,3,L,Women,2025-04-26 12:27:00.110351
Jacket 894,2946560,4.8,3,XL,Unisex,2025-04-26 12:27:00.110351
Crewneck 895,1126720,4.3,3,XXL,Men,2025-04-26 12:27:00.110351
T-shirt 896,7873760,4.9,3,S,Women,2025-04-26 12:27:00.111382
Hoodie 897,6077920,3.1,3,M,Unisex,2025-04-26 12:27:00.111382
Pants 898,8408640,4.1,3,L,Men,2025-04-26 12:27:00.111382
Outerwear 899,6192960,4.8,3,XL,Women,2025-04-26 12:27:00.111382
Jacket 900,7214240,3.3,3,XXL,Unisex,2025-04-26 12:27:00.112390
T-shirt 902,3164000,3.6,3,M,Women,2025-04-26 12:27:00.395017
Hoodie 903,2617920,4.1,3,L,Unisex,2025-04-26 12:27:00.395017
Pants 904,3356320,3.9,3,XL,Men,2025-04-26 12:27:00.396018
Outerwear 905,5027840,4.9,3,XXL,Women,2025-04-26 12:27:00.396018
Jacket 906,4301760,3.9,3,S,Unisex,2025-04-26 12:27:00.397013
Crewneck 907,8732640,4.9,3,M,Men,2025-04-26 12:27:00.397013
T-shirt 908,7954880,4.2,3,L,Women,2025-04-26 12:27:00.398014
Hoodie 909,8383840,3.6,3,XL,Unisex,2025-04-26 12:27:00.399016
Pants 910,2395200,4.7,3,XXL,Men,2025-04-26 12:27:00.399016
Jacket 912,7853280,4.9,3,M,Unisex,2025-04-26 12:27:00.400540
Crewneck 913,3222240,3.5,3,L,Men,2025-04-26 12:27:00.400540
T-shirt 914,5799200,4.6,3,XL,Women,2025-04-26 12:27:00.401557
Hoodie 915,2649120,4.2,3,XXL,Unisex,2025-04-26 12:27:00.401557
Outerwear 917,6061600,4.0,3,M,Women,2025-04-26 12:27:00.402557
Jacket 918,5380800,3.3,3,L,Unisex,2025-04-26 12:27:00.403561
Crewneck 919,8364000,4.7,3,XL,Men,2025-04-26 12:27:00.403561
T-shirt 920,3706080,3.2,3,XXL,Women,2025-04-26 12:27:00.404573
Pants 922,1210880,4.4,3,M,Men,2025-04-26 12:27:00.588424
Outerwear 923,2435840,3.7,3,L,Women,2025-04-26 12:27:00.588424
Jacket 924,3764320,3.8,3,XL,Unisex,2025-04-26 12:27:00.588424
Crewneck 925,7900800,4.5,3,XXL,Men,2025-04-26 12:27:00.589423
T-shirt 926,1911040,4.6,3,S,Women,2025-04-26 12:27:00.589423
Hoodie 927,7706400,3.5,3,M,Unisex,2025-04-26 12:27:00.589423
Pants 928,3911680,3.4,3,L,Men,2025-04-26 12:27:00.590423
Outerwear 929,1253440,3.3,3,XL,Women,2025-04-26 12:27:00.590423
Jacket 930,1741120,4.9,3,XXL,Unisex,2025-04-26 12:27:00.590926
T-shirt 932,5937600,4.2,3,M,Women,2025-04-26 12:27:00.590926
Hoodie 933,4960800,3.4,3,L,Unisex,2025-04-26 12:27:00.591929
Pants 934,2248160,3.6,3,XL,Men,2025-04-26 12:27:00.591929
Outerwear 935,6048000,4.1,3,XXL,Women,2025-04-26 12:27:00.591929
Jacket 936,6165440,3.1,3,S,Unisex,2025-04-26 12:27:00.592958
Crewneck 937,2475360,4.1,3,M,Men,2025-04-26 12:27:00.592958
T-shirt 938,4058400,3.6,3,L,Women,2025-04-26 12:27:00.592958
Hoodie 939,4466080,4.8,3,XL,Unisex,2025-04-26 12:27:00.592958
Pants 940,5776000,3.7,3,XXL,Men,2025-04-26 12:27:00.593950
Jacket 942,7972960,3.0,3,M,Unisex,2025-04-26 12:27:00.901680
Crewneck 943,4571040,4.4,3,L,Men,2025-04-26 12:27:00.901680
T-shirt 944,1578240,4.6,3,XL,Women,2025-04-26 12:27:00.901680
Hoodie 945,2107680,4.2,3,XXL,Unisex,2025-04-26 12:27:00.902782
Outerwear 947,7079680,4.6,3,M,Women,2025-04-26 12:27:00.902782
Jacket 948,4600480,3.9,3,L,Unisex,2025-04-26 12:27:00.903785
Crewneck 949,1844320,4.4,3,XL,Men,2025-04-26 12:27:00.903785
T-shirt 950,7691680,4.9,3,XXL,Women,2025-04-26 12:27:00.903785
Pants 952,7155040,3.7,3,M,Men,2025-04-26 12:27:00.903785
Outerwear 953,8423200,3.8,3,L,Women,2025-04-26 12:27:00.905111
Jacket 954,3878720,4.1,3,XL,Unisex,2025-04-26 12:27:00.905111
Crewneck 955,7006560,4.7,3,XXL,Men,2025-04-26 12:27:00.905111
T-shirt 956,4457600,3.1,3,S,Women,2025-04-26 12:27:00.905111
Hoodie 957,4024320,4.4,3,M,Unisex,2025-04-26 12:27:00.906118
Pants 958,3946240,4.8,3,L,Men,2025-04-26 12:27:00.906118
Outerwear 959,6828480,4.6,3,XL,Women,2025-04-26 12:27:00.906118
Jacket 960,5840160,4.5,3,XXL,Unisex,2025-04-26 12:27:00.906118
T-shirt 962,2887840,4.1,3,M,Women,2025-04-26 12:27:02.372978
Hoodie 963,7916160,4.6,3,L,Unisex,2025-04-26 12:27:02.373978
Pants 964,3885280,3.3,3,XL,Men,2025-04-26 12:27:02.373978
Outerwear 965,3107200,4.5,3,XXL,Women,2025-04-26 12:27:02.373978
Jacket 966,8499520,4.9,3,S,Unisex,2025-04-26 12:27:02.374978
Crewneck 967,1744000,3.5,3,M,Men,2025-04-26 12:27:02.374978
T-shirt 968,4045120,4.4,3,L,Women,2025-04-26 12:27:02.374978
Hoodie 969,4231840,3.8,3,XL,Unisex,2025-04-26 12:27:02.374978
Pants 970,952960,4.6,3,XXL,Men,2025-04-26 12:27:02.375978
Jacket 972,7272000,4.4,3,M,Unisex,2025-04-26 12:27:02.375978
Crewneck 973,7134400,3.9,3,L,Men,2025-04-26 12:27:02.375978
T-shirt 974,4769280,3.0,3,XL,Women,2025-04-26 12:27:02.376978
Hoodie 975,4816000,3.6,3,XXL,Unisex,2025-04-26 12:27:02.376978
Outerwear 977,3356000,3.6,3,M,Women,2025-04-26 12:27:02.376978
Jacket 978,3918240,3.6,3,L,Unisex,2025-04-26 12:27:02.377977
Crewneck 979,4848480,3.4,3,XL,Men,2025-04-26 12:27:02.377977
T-shirt 980,6544000,3.1,3,XXL,Women,2025-04-26 12:27:02.377977
Pants 982,7281760,4.9,3,M,Men,2025-04-26 12:27:03.999133
Outerwear 983,5762560,3.2,3,L,Women,2025-04-26 12:27:03.999133
Jacket 984,7349440,3.8,3,XL,Unisex,2025-04-26 12:27:04.000738
Crewneck 985,6236000,4.3,3,XXL,Men,2025-04-26 12:27:04.000738
T-shirt 986,6713760,4.5,3,S,Women,2025-04-26 12:27:04.001754
Hoodie 987,4008000,4.7,3,M,Unisex,2025-04-26 12:27:04.001754
Pants 988,2054239,3.5,3,L,Men,2025-04-26 12:27:04.002848
Outerwear 989,6869440,4.2,3,XL,Women,2025-04-26 12:27:04.002848
Jacket 990,3327360,4.2,3,XXL,Unisex,2025-04-26 12:27:04.003847
T-shirt 992,4840480,4.9,3,M,Women,2025-04-26 12:27:04.004848
Hoodie 993,6361920,3.4,3,L,Unisex,2025-04-26 12:27:04.004848
Pants 994,1693760,4.4,3,XL,Men,2025-04-26 12:27:04.005850
Outerwear 995,8046720,3.2,3,XXL,Women,2025-04-26 12:27:04.005850
Jacket 996,6942400,4.3,3,S,Unisex,2025-04-26 12:27:04.005850
Crewneck 997,5321280,3.9,3,M,Men,2025-04-26 12:27:04.006858
T-shirt 998,908000,4.2,3,L,Women,2025-04-26 12:27:04.006858
Hoodie 999,8534240,4.8,3,XL,Unisex,2025-04-26 12:27:04.007850
Pants 1000,2938240,4.7,3,XXL,Men,2025-04-26 12:27:04.007850
